residue,plddt
1,48.47
2,60.5
3,63.69
4,69.38
5,61.22
6,64.5
7,66.56
8,57.12
9,61.31
10,56.5
11,61.03
12,60.0
13,62.69
14,55.62
15,53.38
16,64.12
17,59.19
18,55.34
19,54.44
20,60.34
21,53.0
22,57.28
23,50.31
24,53.0
25,55.03
26,61.06
27,46.75
28,48.16
29,60.03
30,55.78
31,52.09
32,52.44
33,59.03
34,52.88
35,52.47
36,44.72
37,49.38
38,50.69
39,49.44
40,44.53
41,40.97
42,51.19
43,38.28
44,43.25
45,45.44
46,39.09
47,40.5
48,43.69
49,43.28
50,42.62
51,44.72
52,47.66
53,36.75
54,41.16
55,39.06
56,41.75
57,44.94
58,56.84
59,59.44
60,41.19
61,46.75
62,55.84
63,42.53
64,51.06
65,42.16
66,44.75
67,40.59
68,40.12
69,48.22
70,43.09
71,45.47
72,41.84
73,38.25
74,36.56
75,45.75
76,48.25
77,48.34
78,44.84
79,46.69
80,46.5
81,45.38
82,47.06
83,43.25
84,40.09
85,40.56
86,39.59
87,48.09
88,35.22
89,44.72
90,45.56
91,45.28
92,37.38
93,36.09
94,44.0
95,48.62
96,41.59
97,47.62
98,39.91
99,45.16
100,36.16
101,39.12
102,38.03
103,39.12
104,32.12
105,34.44
106,42.28
107,33.03
108,40.84
109,35.66
110,37.41
111,39.81
112,37.94
113,40.78
114,42.03
115,48.41
116,39.28
117,52.12
118,49.09
119,53.47
120,41.81
121,45.06
122,38.59
123,46.16
124,51.78
125,38.0
126,39.19
127,37.09
128,42.84
129,36.19
130,39.81
131,37.34
132,38.94
133,42.59
134,37.66
135,35.03
136,36.84
137,36.75
138,37.78
139,40.78
140,44.44
141,37.5
142,42.16
143,34.59
144,37.97
145,40.19
146,42.03
147,45.59
148,43.94
149,48.59
150,48.47
151,48.97
152,49.91
153,46.03
154,52.47
155,48.5
156,41.03
157,43.12
158,48.12
159,49.97
160,55.84
161,53.66
162,46.28
163,46.28
164,46.72
165,54.56
166,52.38
167,54.12
168,48.88
169,45.91
170,54.78
171,47.97
172,38.5
173,44.78
174,36.12
175,37.69
176,33.75
177,32.97
178,33.72
179,42.16
180,42.34
181,33.84
182,37.44
183,32.81
184,36.91
185,42.06
186,36.59
187,41.25
188,36.44
189,41.97
190,41.22
191,41.59
192,39.78
193,37.25
194,43.91
195,33.5
196,38.59
197,38.62
198,42.72
199,43.66
200,44.09
201,49.94
202,44.59
203,31.17
204,50.06
205,35.28
206,48.47
207,51.41
208,38.72
209,49.69
210,47.34
211,41.16
212,49.31
213,46.31
214,53.62
215,45.69
216,55.66
217,46.03
218,55.25
219,49.28
220,51.09
221,45.09
222,39.78
223,51.84
224,46.66
225,46.22
226,48.88
227,46.5
228,47.75
229,50.78
230,52.12
231,53.38
232,79.75
233,86.62
234,91.12
235,93.44
236,95.44
237,94.88
238,95.56
239,95.31
240,96.19
241,96.69
242,96.38
243,96.38
244,97.5
245,96.31
246,96.5
247,96.94
248,96.81
249,95.0
250,95.25
251,95.56
252,91.81
253,92.0
254,91.06
255,91.88
256,93.69
257,95.12
258,96.69
259,97.0
260,97.12
261,96.81
262,97.62
263,96.88
264,96.19
265,95.62
266,95.75
267,93.06
268,93.06
269,91.38
270,90.56
271,94.44
272,95.81
273,96.31
274,96.44
275,96.25
276,97.06
277,96.94
278,96.44
279,96.12
280,96.12
281,95.06
282,94.19
283,94.88
284,94.25
285,88.06
286,81.31
287,61.19
288,54.31
289,49.28
290,52.12
291,39.62
292,45.47
293,39.88
294,42.97
295,43.03
296,35.25
297,47.72
298,39.84
299,44.06
300,37.94
301,47.19
302,42.59
303,38.06
304,46.25
305,47.25
306,44.19
307,53.22
308,51.5
309,53.06
310,58.62
311,58.59
312,68.69
313,69.5
314,73.19
315,73.94
316,81.81
317,87.75
318,90.44
319,90.94
320,89.62
321,91.94
322,96.0
323,94.12
324,93.31
325,94.5
326,95.88
327,95.88
328,95.56
329,96.56
330,95.94
331,95.81
332,97.19
333,96.94
334,94.56
335,96.12
336,96.88
337,96.38
338,93.5
339,94.94
340,96.19
341,94.62
342,96.56
343,96.38
344,95.38
345,95.06
346,94.94
347,95.75
348,94.62
349,95.75
350,96.69
351,96.5
352,94.19
353,95.88
354,94.31
355,91.56
356,91.88
357,92.75
358,90.0
359,86.94
360,81.44
361,77.44
362,62.44
363,59.03
364,52.53
365,45.16
366,39.31
367,47.5
368,42.59
369,40.69
370,44.03
371,40.06
372,49.34
373,41.19
374,44.22
375,46.94
376,51.34
377,49.28
378,49.97
379,51.09
380,46.62
381,44.88
382,50.16
383,56.41
384,51.19
385,54.28
386,50.78
387,54.41
388,52.28
389,53.28
390,51.75
391,63.22
392,63.66
393,62.09
394,66.62
395,56.91
396,65.5
397,65.56
